<Asteroids>
	<asteroid name="Hellish Asteroid" distance="20" mass="100" massVariability="0.5" minLevel="0" probability="15" richness="1.0" richnessVariability="0">
		<ore itemStack="minecraft:quartz_ore" chance="10" />
		<ore itemStack="minecraft:netherrack" chance="50" />
		<ore itemStack="tconstruct:ore 0" chance="5" />
		<ore itemStack="tconstruct:ore 1" chance="5" />
	</asteroid>
	<asteroid name="Large Hellish Asteroid" distance="50" mass="500" massVariability="0.5" minLevel="0" probability="10" richness="1.0" richnessVariability="0">
		<ore itemStack="minecraft:quartz_ore" chance="10" />
		<ore itemStack="minecraft:netherrack" chance="50" />
		<ore itemStack="tconstruct:ore 0" chance="5" />
		<ore itemStack="tconstruct:ore 1" chance="5" />
	</asteroid>
	<asteroid name="End Asteroid" distance="20" mass="100" massVariability="0.5" minLevel="0" probability="10" richness="1.0" richnessVariability="0">
		<ore itemStack="minecraft:end_stone" chance="50" />
		<ore itemStack="rftools:dimensional_shard_ore 2" chance="5" />
		<ore itemStack="techreborn:ore 8" chance="10" />
	</asteroid>
	<asteroid name="End Asteroid" distance="50" mass="500" massVariability="0.5" minLevel="0" probability="10" richness="1.0" richnessVariability="0">
		<ore itemStack="minecraft:end_stone" chance="50" />
		<ore itemStack="rftools:dimensional_shard_ore 2" chance="5" />
		<ore itemStack="techreborn:ore 8" chance="10" />
	</asteroid>
	<asteroid name="Magical Asteroid" distance="50" mass="100" massVariability="0.5" minLevel="0" probability="5" richness="0.2" richnessVariability="0.5">
		<ore itemStack="evilcraft:dark_ore" chance="10" />
		<ore itemStack="thaumcraft:ore_amber" chance="5" />
		<ore itemStack="thaumcraft:ore_cinnabar" chance="5" />
		<ore itemStack="astralsorcery:blockcustomore 0" chance="5" />
		<ore itemStack="astralsorcery:blockcustomore 1" chance="5" />
		<ore itemStack="minecraft:nether_star" chance="0.1" />
	</asteroid>
	<asteroid name="Gemstone Asteroid" distance="25" mass="50" massVariability="0.8" minLevel="0" probability="10" richness="0.2" richnessVariability="0.5">
		<ore itemStack="minecraft:lapis_ore" chance="25" />
		<ore itemStack="minecraft:diamond_ore" chance="5" />
		<ore itemStack="minecraft:emerald_ore" chance="5" />
		<ore itemStack="biomesoplenty:gem_ore 0" chance="10" />
		<ore itemStack="biomesoplenty:gem_ore 1" chance="10" />
		<ore itemStack="biomesoplenty:gem_ore 2" chance="10" />
		<ore itemStack="biomesoplenty:gem_ore 3" chance="10" />
		<ore itemStack="biomesoplenty:gem_ore 4" chance="10" />
		<ore itemStack="biomesoplenty:gem_ore 5" chance="10" />
		<ore itemStack="biomesoplenty:gem_ore 6" chance="10" />
	</asteroid>
	<asteroid name="Small Asteroid" distance="10" mass="100" massVariability="0.5" minLevel="0" probability="25" richness="0.2" richnessVariability="0.5">
		<ore itemStack="minecraft:iron_ore" chance="15" />
		<ore itemStack="thermalfoundation:ore 0" chance="25" />
		<ore itemStack="thermalfoundation:ore 1" chance="20" />
		<ore itemStack="thermalfoundation:ore 2" chance="13" />
		<ore itemStack="thermalfoundation:ore 3" chance="11" />
		<ore itemStack="thermalfoundation:ore 4" chance="17" />
		<ore itemStack="thermalfoundation:ore 5" chance="7" />
		<ore itemStack="thermalfoundation:ore 6" chance="5" />
		<ore itemStack="thermalfoundation:ore 7" chance="1" />
		<ore itemStack="minecraft:gold_ore" chance="10" />
		<ore itemStack="minecraft:redstone_ore" chance="10" />
		<ore itemStack="minecraft:coal_ore" chance="15" />
	</asteroid>
	<asteroid name="Medium Asteroid" distance="25" mass="250" massVariability="0.5" minLevel="0" probability="25" richness="0.2" richnessVariability="0.5">
		<ore itemStack="minecraft:iron_ore" chance="15" />
		<ore itemStack="thermalfoundation:ore 0" chance="25" />
		<ore itemStack="thermalfoundation:ore 1" chance="20" />
		<ore itemStack="thermalfoundation:ore 2" chance="13" />
		<ore itemStack="thermalfoundation:ore 3" chance="11" />
		<ore itemStack="thermalfoundation:ore 4" chance="17" />
		<ore itemStack="thermalfoundation:ore 5" chance="7" />
		<ore itemStack="thermalfoundation:ore 6" chance="5" />
		<ore itemStack="thermalfoundation:ore 7" chance="1" />
		<ore itemStack="minecraft:gold_ore" chance="10" />
		<ore itemStack="minecraft:redstone_ore" chance="10" />
		<ore itemStack="minecraft:coal_ore" chance="15" />
	</asteroid>
	<asteroid name="Large Asteroid" distance="50" mass="1000" massVariability="0.5" minLevel="0" probability="25" richness="0.2" richnessVariability="0.5">
		<ore itemStack="minecraft:iron_ore" chance="15" />
		<ore itemStack="thermalfoundation:ore 0" chance="25" />
		<ore itemStack="thermalfoundation:ore 1" chance="20" />
		<ore itemStack="thermalfoundation:ore 2" chance="13" />
		<ore itemStack="thermalfoundation:ore 3" chance="11" />
		<ore itemStack="thermalfoundation:ore 4" chance="17" />
		<ore itemStack="thermalfoundation:ore 5" chance="7" />
		<ore itemStack="thermalfoundation:ore 6" chance="5" />
		<ore itemStack="thermalfoundation:ore 7" chance="1" />
		<ore itemStack="minecraft:gold_ore" chance="10" />
		<ore itemStack="minecraft:redstone_ore" chance="10" />
		<ore itemStack="minecraft:coal_ore" chance="15" />
	</asteroid>
	<asteroid name="Large Asteroid" distance="100" mass="2000" massVariability="0.5" minLevel="0" probability="25" richness="0.2" richnessVariability="0.5">
		<ore itemStack="minecraft:iron_ore" chance="15" />
		<ore itemStack="thermalfoundation:ore 0" chance="25" />
		<ore itemStack="thermalfoundation:ore 1" chance="20" />
		<ore itemStack="thermalfoundation:ore 2" chance="13" />
		<ore itemStack="thermalfoundation:ore 3" chance="11" />
		<ore itemStack="thermalfoundation:ore 4" chance="17" />
		<ore itemStack="thermalfoundation:ore 5" chance="7" />
		<ore itemStack="thermalfoundation:ore 6" chance="5" />
		<ore itemStack="thermalfoundation:ore 7" chance="1" />
		<ore itemStack="minecraft:gold_ore" chance="10" />
		<ore itemStack="minecraft:redstone_ore" chance="10" />
		<ore itemStack="minecraft:coal_ore" chance="15" />
	</asteroid>
	<asteroid name="Iridium Enriched asteroid" distance="100" mass="25" massVariability="0.5" minLevel="0" probability="5" richness="0.2" richnessVariability="0.3">
		<ore itemStack="minecraft:iron_ore" chance="25" />
		<ore itemStack="libvulpes:ore0 10" chance="5" />
	</asteroid>
	<asteroid name="Dud Asteroid" distance="10" mass="100" massVariability="0.5" minLevel="0" probability="10" richness="0.2" richnessVariability="0.5">
		<ore itemStack="minecraft:dirt" chance="50" />
	</asteroid>
	<asteroid name="Large Dud Asteroid" distance="25" mass="200" massVariability="0.5" minLevel="0" probability="10" richness="0.2" richnessVariability="0.5">
		<ore itemStack="minecraft:dirt" chance="50" />
	</asteroid>
	<asteroid name="Weird Asteroid" distance="50" mass="100" massVariability="0.5" minLevel="0" probability="5" richness="0.2" richnessVariability="0.5">
		<ore itemStack="minecraft:soul_sand" chance="25" />
		<ore itemStack="minecraft:clay" chance="25" />
		<ore itemStack="minecraft:sponge 0" chance="1" />
	</asteroid>
	<asteroid name="Giant Ender Pearl" distance="50" mass="100" massVariability="0.5" minLevel="0" probability="5" richness="0.2" richnessVariability="0.5">
		<ore itemStack="minecraft:ender_pearl" chance="10" />
		<ore itemStack="enderio:item_material 62" chance="25" />
		<ore itemStack="techreborn:dust 20" chance="25" />
	</asteroid>
	<asteroid name="Coalsteroid" distance="10" mass="100" massVariability="0.5" minLevel="0" probability="5" richness="0.2" richnessVariability="0.5">
		<ore itemStack="minecraft:coal_ore" chance="50" />
	</asteroid>
</Asteroids>