{
  "dependencies": "immersiveengineering",
  "populate": {
    "uranium_ore": {
      "distribution": "uniform",
      "generator": {
        "block": [
          {"name": "immersiveengineering:ore", "metadata": 5, "weight": 100}
        ],
        "material": "minecraft:stone",
        "cluster-size": 2
      },
      "cluster-count": 2,
      "min-height": 24,
      "max-height": 48,
      "retrogen": "false",
      "biome": "all",
      "dimension": {
        "restriction": "blacklist",
        "value": [
          -1,
          1
        ]
      }
    }
  }
}