{
  "dependencies": "forestry",
  "populate": {
    "apatite_ore": {
      "distribution": "uniform",
      "generator": {
        "block": [
          {"name": "forestry:resources", "metadata": 0, "weight": 100}
        ],
        "material": "minecraft:stone",
        "cluster-size": 16
      },
      "cluster-count": 1,
      "min-height": 56,
      "max-height": 96,
      "retrogen": "false",
      "biome": "all",
      "dimension": {
        "restriction": "blacklist",
        "value": [
          -1,
          1
        ]
      }
    }
  }
}