{
  "dependencies": "mekanism",
  "populate": {
    "osmium_ore": {
      "distribution": "uniform",
      "generator": {
        "block": [
          {"name": "mekanism:oreblock", "metadata": 0, "weight": 0}
        ],
        "material": "minecraft:stone",
        "cluster-size": 8
      },
      "cluster-count": 10,
      "min-height": 0,
      "max-height": 40,
      "retrogen": "false",
      "biome": "all",
      "dimension": {
        "restriction": "blacklist",
        "value": [
          -1,
          1
        ]
      }
    }
  }
}