{
  "dependencies": "techreborn",
  "populate": {
    "ore_bauxite": {
      "distribution": "uniform",
      "generator": {
        "block": [
          {"name": "techreborn:ore", "metadata": 4, "weight": 100}
        ],
        "material": "minecraft:stone",
        "cluster-size": 6
      },
      "cluster-count": 10,
      "min-height": 10,
      "max-height": 60,
      "retrogen": "false",
      "biome": "all",
      "dimension": {
        "restriction": "blacklist",
        "value": [
          -1,
          1
        ]
      }
    },
	"ore_sapphire": {
      "distribution": "uniform",
      "generator": {
        "block": [
          {"name": "techreborn:ore", "metadata": 3, "weight": 100}
        ],
        "material": "minecraft:stone",
        "cluster-size": 6
      },
      "cluster-count": 13,
      "min-height": 10,
      "max-height": 60,
      "retrogen": "false",
      "biome": "all",
      "dimension": {
        "restriction": "blacklist",
        "value": [
          -1,
          1
        ]
      }
    },
	"ore_ruby": {
      "distribution": "uniform",
      "generator": {
        "block": [
          {"name": "techreborn:ore", "metadata": 2, "weight": 100}
        ],
        "material": "minecraft:stone",
        "cluster-size": 6
      },
      "cluster-count": 13,
      "min-height": 10,
      "max-height": 60,
      "retrogen": "false",
      "biome": "all",
      "dimension": {
        "restriction": "blacklist",
        "value": [
          -1,
          1
        ]
      }
    },
    "ore_pyrite": {
      "distribution": "uniform",
      "generator": {
        "block": [
          {"name": "techreborn:ore", "metadata": 5, "weight": 100}
        ],
        "material": "minecraft:netherrack",
        "cluster-size": 6
      },
      "cluster-count": 9,
      "min-height": 10,
      "max-height": 126,
      "retrogen": "false",
      "biome": {
        "restriction": "whitelist",
        "value": [
          {
            "type": "dictionary",
            "entry": "NETHER"
          }
        ]
      },
      "dimension": "all"
    },
	"ore_cinnabar": {
      "distribution": "uniform",
      "generator": {
        "block": [
          {"name": "techreborn:ore", "metadata": 6, "weight": 100}
        ],
        "material": "minecraft:netherrack",
        "cluster-size": 6
      },
      "cluster-count": 9,
      "min-height": 10,
      "max-height": 126,
      "retrogen": "false",
      "biome": {
        "restriction": "whitelist",
        "value": [
          {
            "type": "dictionary",
            "entry": "NETHER"
          }
        ]
      },
      "dimension": "all"
    },"ore_sphalerite": {
      "distribution": "uniform",
      "generator": {
        "block": [
          {"name": "techreborn:ore", "metadata": 7, "weight": 100}
        ],
        "material": "minecraft:netherrack",
        "cluster-size": 6
      },
      "cluster-count": 9,
      "min-height": 10,
      "max-height": 126,
      "retrogen": "false",
      "biome": {
        "restriction": "whitelist",
        "value": [
          {
            "type": "dictionary",
            "entry": "NETHER"
          }
        ]
      },
      "dimension": "all"
    },
    "ore_tungsten": {
      "distribution": "uniform",
      "generator": {
        "block": [
          {"name": "techreborn:ore", "metadata": 8, "weight": 100}
        ],
        "material": "minecraft:end_stone",
        "cluster-size": 6
      },
      "cluster-count": 9,
      "min-height": 10,
      "max-height": 250,
      "retrogen": "false",
      "biome": {
        "restriction": "whitelist",
        "value": [
          {
            "type": "dictionary",
            "entry": "END"
          }
        ]
      },
      "dimension": "all"
    },
	"ore_sheldonite": {
      "distribution": "uniform",
      "generator": {
        "block": [
          {"name": "techreborn:ore", "metadata": 9, "weight": 100}
        ],
        "material": "minecraft:end_stone",
        "cluster-size": 6
      },
      "cluster-count": 9,
      "min-height": 10,
      "max-height": 250,
      "retrogen": "false",
      "biome": {
        "restriction": "whitelist",
        "value": [
          {
            "type": "dictionary",
            "entry": "END"
          }
        ]
      },
      "dimension": "all"
    },
	"ore_peridot": {
      "distribution": "uniform",
      "generator": {
        "block": [
          {"name": "techreborn:ore", "metadata": 10, "weight": 100}
        ],
        "material": "minecraft:end_stone",
        "cluster-size": 6
      },
      "cluster-count": 9,
      "min-height": 10,
      "max-height": 250,
      "retrogen": "false",
      "biome": {
        "restriction": "whitelist",
        "value": [
          {
            "type": "dictionary",
            "entry": "END"
          }
        ]
      },
      "dimension": "all"
    },
	"ore_sodalite": {
      "distribution": "uniform",
      "generator": {
        "block": [
          {"name": "techreborn:ore", "metadata": 11, "weight": 100}
        ],
        "material": "minecraft:end_stone",
        "cluster-size": 6
      },
      "cluster-count": 9,
      "min-height": 10,
      "max-height": 250,
      "retrogen": "false",
      "biome": {
        "restriction": "whitelist",
        "value": [
          {
            "type": "dictionary",
            "entry": "END"
          }
        ]
      },
      "dimension": "all"
    }
	}
}