<?xml version="1.0" encoding="UTF-8"?>
<enderio:recipes xmlns:enderio="http://enderio.com/recipes" xmlns:xsi="http://www.w3.org/2001/XMLSchema-instance" xsi:schemaLocation="http://enderio.com/recipes recipes.xsd ">

<!-- 

These are the build-in recipes. You cannot change this file, it is a
reference for you only and will be generated every time the game starts.

To make changes to the recipes, copy the recipes you want to change to
a file in the 'user' folder. To disable a recipe, add an attribute "disabled"
and set it to true, e.g.: <recipe name="Gear" disabled="true" />

You can also disabled all build in recipes, so that only your files in the
'user' folder will be loaded.

Item specifications can reference an alias, an ore dictionary name, a
block or an item. You can force the type by prefixing the value with
"oredict:", "block:" or "item:". Recipes that have items that cannot be
found in-game are either skipped or an error, depending on their "required"
attribute.

More information on the syntax can be found in the recipes.xsd file. An
XML editor will display that as tooltips when editing this file.

 -->



  <recipe name="Conduit, Liquid, Basic" required="true">
    <crafting>
      <grid>
        <item name="CONDUIT_BINDER" /><item name="CONDUIT_BINDER" /><item name="CONDUIT_BINDER" />
        <item name="FUSED_GLASS" /><item name="FUSED_GLASS" /><item name="FUSED_GLASS" />
        <item name="CONDUIT_BINDER" /><item name="CONDUIT_BINDER" /><item name="CONDUIT_BINDER" />
      </grid>
      <output name="enderio:item_liquid_conduit:0" amount="8">
      </output>
    </crafting>
  </recipe>

  <recipe name="Conduit, Liquid, Advanced" required="true">
    <crafting>
      <grid>
        <item name="CONDUIT_BINDER" /><item name="CONDUIT_BINDER" /><item name="CONDUIT_BINDER" />
        <item name="FUSED_QUARTZ" /><item name="FUSED_QUARTZ" /><item name="FUSED_QUARTZ" />
        <item name="CONDUIT_BINDER" /><item name="CONDUIT_BINDER" /><item name="CONDUIT_BINDER" />
      </grid>
      <output name="enderio:item_liquid_conduit:1" amount="8">
      </output>
    </crafting>
  </recipe>

  <recipe name="Conduit, Liquid, Advanced (upgrade)" required="true">
    <crafting>
      <grid>
        <item name="CONDUIT_BINDER" /><item name="CONDUIT_BINDER" /><item name="CONDUIT_BINDER" />
        <item name="FUSED_QUARTZ" /><item name="enderio:item_liquid_conduit:0" /><item name="FUSED_QUARTZ" />
        <item name="CONDUIT_BINDER" /><item name="CONDUIT_BINDER" /><item name="CONDUIT_BINDER" />
      </grid>
      <output name="enderio:item_liquid_conduit:1" amount="8">
      </output>
    </crafting>
  </recipe>

  <recipe name="Conduit, Liquid, Ender" required="true">
    <crafting>
      <grid>
        <item name="CONDUIT_BINDER" /><item name="CONDUIT_BINDER" /><item name="CONDUIT_BINDER" />
        <item name="VIBRANT_ALLOY" /><item name="FUSED_QUARTZ" /><item name="VIBRANT_ALLOY" />
        <item name="CONDUIT_BINDER" /><item name="CONDUIT_BINDER" /><item name="CONDUIT_BINDER" />
      </grid>
      <output name="enderio:item_liquid_conduit:2" amount="8">
      </output>
    </crafting>
  </recipe>

  <recipe name="Conduit, Liquid, Ender (upgrade)" required="true">
    <crafting>
      <grid>
        <item name="CONDUIT_BINDER" /><item name="CONDUIT_BINDER" /><item name="CONDUIT_BINDER" />
        <item name="VIBRANT_ALLOY" /><item name="enderio:item_liquid_conduit:1" /><item name="VIBRANT_ALLOY" />
        <item name="CONDUIT_BINDER" /><item name="CONDUIT_BINDER" /><item name="CONDUIT_BINDER" />
      </grid>
      <output name="enderio:item_liquid_conduit:2" amount="8">
      </output>
    </crafting>
  </recipe>

  <recipe name="Conduit, Endergy, Tier 1" required="true">
    <crafting>
      <grid>
        <item name="CONDUIT_BINDER" /><item name="CONDUIT_BINDER" /><item name="CONDUIT_BINDER" />
        <item name="CONDUCTIVE_IRON" /><item name="CONDUCTIVE_IRON" /><item name="CONDUCTIVE_IRON" />
        <item name="CONDUIT_BINDER" /><item name="CONDUIT_BINDER" /><item name="CONDUIT_BINDER" />
      </grid>
      <output name="enderio:item_power_conduit:0" amount="8">
      </output>
    </crafting>
  </recipe>

  <recipe name="Conduit, Endergy, Tier 2" required="true">
    <crafting>
      <grid>
        <item name="CONDUIT_BINDER" /><item name="CONDUIT_BINDER" /><item name="CONDUIT_BINDER" />
        <item name="ENERGETIC_ALLOY" /><item name="ENERGETIC_ALLOY" /><item name="ENERGETIC_ALLOY" />
        <item name="CONDUIT_BINDER" /><item name="CONDUIT_BINDER" /><item name="CONDUIT_BINDER" />
      </grid>
      <output name="enderio:item_power_conduit:1" amount="8">
      </output>
    </crafting>
  </recipe>

  <recipe name="Conduit, Endergy, Tier 2 (upgrade)" required="true">
    <crafting>
      <grid>
        <item name="CONDUIT_BINDER" /><item name="CONDUIT_BINDER" /><item name="CONDUIT_BINDER" />
        <item name="ENERGETIC_ALLOY" /><item name="enderio:item_power_conduit:0" /><item name="ENERGETIC_ALLOY" />
        <item name="CONDUIT_BINDER" /><item name="CONDUIT_BINDER" /><item name="CONDUIT_BINDER" />
      </grid>
      <output name="enderio:item_power_conduit:1" amount="8">
      </output>
    </crafting>
  </recipe>

  <recipe name="Conduit, Endergy, Tier 3" required="true">
    <crafting>
      <grid>
        <item name="CONDUIT_BINDER" /><item name="CONDUIT_BINDER" /><item name="CONDUIT_BINDER" />
        <item name="VIBRANT_ALLOY" /><item name="VIBRANT_ALLOY" /><item name="VIBRANT_ALLOY" />
        <item name="CONDUIT_BINDER" /><item name="CONDUIT_BINDER" /><item name="CONDUIT_BINDER" />
      </grid>
      <output name="enderio:item_power_conduit:2" amount="8">
      </output>
    </crafting>
  </recipe>

  <recipe name="Conduit, Endergy, Tier 3 (upgrade)" required="true">
    <crafting>
      <grid>
        <item name="CONDUIT_BINDER" /><item name="CONDUIT_BINDER" /><item name="CONDUIT_BINDER" />
        <item name="VIBRANT_ALLOY" /><item name="enderio:item_power_conduit:1" /><item name="VIBRANT_ALLOY" />
        <item name="CONDUIT_BINDER" /><item name="CONDUIT_BINDER" /><item name="CONDUIT_BINDER" />
      </grid>
      <output name="enderio:item_power_conduit:2" amount="8">
      </output>
    </crafting>
  </recipe>

  <recipe name="Conduit, Redstone, Insulated" required="true">
    <crafting>
      <grid>
        <item name="CONDUIT_BINDER" /><item name="CONDUIT_BINDER" /><item name="CONDUIT_BINDER" />
        <item name="REDSTONE_ALLOY" /><item name="REDSTONE_ALLOY" /><item name="REDSTONE_ALLOY" />
        <item name="CONDUIT_BINDER" /><item name="CONDUIT_BINDER" /><item name="CONDUIT_BINDER" />
      </grid>
      <output name="enderio:item_redstone_conduit:0" amount="8">
      </output>
    </crafting>
  </recipe>

  <recipe name="Conduit, Item" required="true">
    <crafting>
      <grid>
        <item name="CONDUIT_BINDER" /><item name="CONDUIT_BINDER" /><item name="CONDUIT_BINDER" />
        <item name="PULSATING_IRON_NUGGET" /><item name="PULSATING_IRON_NUGGET" /><item name="PULSATING_IRON_NUGGET" />
        <item name="CONDUIT_BINDER" /><item name="CONDUIT_BINDER" /><item name="CONDUIT_BINDER" />
      </grid>
      <output name="enderio:item_item_conduit:0" amount="8">
      </output>
    </crafting>
  </recipe>

  <recipe name="Upgrade, Speed" required="true">
    <crafting>
      <grid>
        <item name="ingotIron" /><item name="ingotIron" /><item name="ingotIron" />
        <item name="ELECTRICAL_STEEL" /><item name="minecraft:piston" /><item name="ELECTRICAL_STEEL" />
        <item name="ELECTRICAL_STEEL" /><item name="minecraft:redstone_torch" /><item name="ELECTRICAL_STEEL" />
      </grid>
      <output name="enderio:item_extract_speed_upgrade" />
    </crafting>
  </recipe>

  <recipe name="Upgrade, Slowness" required="true">
    <crafting>
      <grid>
        <item name="ingotIron" /><item name="ingotIron" /><item name="ingotIron" />
        <item name="ELECTRICAL_STEEL" /><item name="slimeball" /><item name="ELECTRICAL_STEEL" />
        <item name="ELECTRICAL_STEEL" /><item name="stickWood" /><item name="ELECTRICAL_STEEL" />
      </grid>
      <output name="enderio:item_extract_speed_downgrade" />
    </crafting>
  </recipe>

  <recipe name="Awareness Upgrade" required="true">
    <crafting>
      <grid size="3x3">
        <item name="CONDUIT_BINDER" /><item name="SILICON" /><item name="CONDUIT_BINDER" />
        <item name="SILICON" /><item name="pearlEnderEye" /><item name="SILICON" />
        <item name="CONDUIT_BINDER" /><item name="ELECTRICAL_STEEL" /><item name="CONDUIT_BINDER" />
      </grid>
      <output name="enderio:item_inventory_panel_upgrade" />
    </crafting>
  </recipe>

</enderio:recipes>