<?xml version="1.0" encoding="UTF-8"?>
<enderio:recipes xmlns:enderio="http://enderio.com/recipes" xmlns:xsi="http://www.w3.org/2001/XMLSchema-instance" xsi:schemaLocation="http://enderio.com/recipes recipes.xsd ">

<!-- 

These are the build-in recipes. You cannot change this file, it is a
reference for you only and will be generated every time the game starts.

To make changes to the recipes, copy the recipes you want to change to
a file in the 'user' folder. To disable a recipe, add an attribute "disabled"
and set it to true, e.g.: <recipe name="Gear" disabled="true" />

You can also disabled all build in recipes, so that only your files in the
'user' folder will be loaded.

Item specifications can reference an alias, an ore dictionary name, a
block or an item. You can force the type by prefixing the value with
"oredict:", "block:" or "item:". Recipes that have items that cannot be
found in-game are either skipped or an error, depending on their "required"
attribute.

More information on the syntax can be found in the recipes.xsd file. An
XML editor will display that as tooltips when editing this file.

 -->

  <recipe name="Compatibility: Glass 2 Glass" required="false">
    <crafting>
      <shapeless>
        <item name="enderio:block_fused_quartz:1"/>
      </shapeless>
      <output name="minecraft:glass"/>
    </crafting>
  </recipe>

  <recipe name="Compatibility: End Crystal" required="false">
    <crafting>
      <grid>
        <item name="blockGlassColorless"/><item name="blockGlassColorless"/><item name="blockGlassColorless"/>
        <item name="blockGlassColorless"/><item name="pearlEnderEye"/><item name="blockGlassColorless"/>
        <item name="blockGlassColorless"/><item name="itemGhastTear"/><item name="blockGlassColorless"/>
      </grid>
      <output name="minecraft:end_crystal"/>
    </crafting>
  </recipe>

  <recipe name="Compatibility: Beacon" required="false">
    <crafting>
      <grid>
        <item name="blockGlassColorless"/><item name="blockGlassColorless"/><item name="blockGlassColorless"/>
        <item name="blockGlassColorless"/><item name="netherStar"/><item name="blockGlassColorless"/>
        <item name="oredict:obsidian"/><item name="oredict:obsidian"/><item name="oredict:obsidian"/>
      </grid>
      <output name="minecraft:beacon"/>
    </crafting>
  </recipe>

  <recipe name="Compatibility: Bottle" required="false">
    <crafting>
      <grid size="3x2">
        <item name="blockGlassColorless"/><item /><item name="blockGlassColorless"/>
        <item /><item name="blockGlassColorless"/><item />
      </grid>
      <output name="minecraft:glass_bottle" amount="3"/>
    </crafting>
  </recipe>

  <recipe name="Compatibility: Glass Pane" required="false">
    <crafting>
      <grid size="3x2">
        <item name="blockGlassColorless"/><item name="blockGlassColorless"/><item name="blockGlassColorless"/>
        <item name="blockGlassColorless"/><item name="blockGlassColorless"/><item name="blockGlassColorless"/>
      </grid>
      <output name="minecraft:glass_pane" amount="16"/>
    </crafting>
  </recipe>

  <recipe name="Compatibility: Daylight Sensor" required="false">
    <crafting>
      <grid>
        <item name="blockGlassColorless"/><item name="blockGlassColorless"/><item name="blockGlassColorless"/>
        <item name="gemQuartz"/><item name="gemQuartz"/><item name="gemQuartz"/>
        <item name="slabWood"/><item name="slabWood"/><item name="slabWood"/>
      </grid>
      <output name="minecraft:daylight_detector"/>
    </crafting>
  </recipe>

  <recipe name="Binder Composite" required="true">
    <crafting>
      <grid size="3x3">
        <item name="oredict:gravel" /><item name="oredict:itemClay" /><item name="oredict:gravel" />
        <item name="oredict:sand" /><item name="oredict:gravel" /><item name="oredict:sand" />
        <item name="oredict:gravel" /><item name="oredict:itemClay" /><item name="oredict:gravel" />
      </grid>
      <output name="BINDER_COMPOSITE" amount="8" />
    </crafting>
  </recipe>

  <recipe name="Conduit Binder" required="true">
    <smelting exp="0">
      <input name="BINDER_COMPOSITE"/>
      <output name="CONDUIT_BINDER" amount="2" />
    </smelting>
  </recipe>

  <recipe name="Pulsating Crystal" required="true">
    <crafting>
      <grid>
        <item name="PULSATING_IRON_NUGGET"/><item name="PULSATING_IRON_NUGGET"/><item name="PULSATING_IRON_NUGGET"/>
        <item name="PULSATING_IRON_NUGGET"/><item name="gemDiamond"/><item name="PULSATING_IRON_NUGGET"/>
        <item name="PULSATING_IRON_NUGGET"/><item name="PULSATING_IRON_NUGGET"/><item name="PULSATING_IRON_NUGGET"/>
      </grid>
      <output name="PULSATING_CRYSTAL"/>
    </crafting>
  </recipe>

  <recipe name="Pulsating Crystal, casting">
    <casting>
      <input name="PULSATING_IRON_NUGGET" amount="8"/>
      <cast name="gemDiamond" consumed="true"/>
      <output name="PULSATING_CRYSTAL"/>
    </casting>
  </recipe>

  <recipe name="Vibrant Crystal" required="true">
    <crafting>
      <grid>
        <item name="VIBRANT_ALLOY_NUGGET"/><item name="VIBRANT_ALLOY_NUGGET"/><item name="VIBRANT_ALLOY_NUGGET"/>
        <item name="VIBRANT_ALLOY_NUGGET"/><item name="gemEmerald"/><item name="VIBRANT_ALLOY_NUGGET"/>
        <item name="VIBRANT_ALLOY_NUGGET"/><item name="VIBRANT_ALLOY_NUGGET"/><item name="VIBRANT_ALLOY_NUGGET"/>
      </grid>
      <output name="VIBRANT_CRYSTAL"/>
    </crafting>
  </recipe>

  <recipe name="Vibrant Crystal, casting">
    <casting>
      <input name="VIBRANT_ALLOY_NUGGET" amount="8"/>
      <cast name="gemEmerald" consumed="true"/>
      <output name="VIBRANT_CRYSTAL"/>
    </casting>
  </recipe>

  <recipe name="Dark Grinding Ball" required="true">
    <crafting>
      <grid>
        <item/><item name="DARK_STEEL"/><item/>
        <item name="DARK_STEEL"/><item name="DARK_STEEL"/><item name="DARK_STEEL"/>
        <item/><item name="DARK_STEEL"/><item/>
      </grid>
      <output name="DARK_GRINDING_BALL" amount="24"/>
    </crafting>
  </recipe>

  <recipe name="Dark Grinding Ball Casting" required="true">
    <dependency item="tconstruct:cast_custom:2"/>
    <casting>
      <input name="DARK_STEEL_NUGGET" amount="1.875"/><!-- 30mB -->
      <cast name="tconstruct:cast_custom:2"/>
      <output name="DARK_GRINDING_BALL"/>
    </casting>
  </recipe>

  <recipe name="Dark Grinding Ball Smelting" required="true">
    <dependency item="tconstruct:cast_custom:2"/>
    <smelting tinkers="true" vanilla="false">
      <input name="DARK_GRINDING_BALL" amount="24"/>
      <output name="DARK_STEEL" amount="5"/>
    </smelting>
  </recipe>

  <recipe name="Dark Grinding Ball Reverse Casting" required="true">
    <dependency item="tconstruct:cast_custom:2"/>
    <casting>
      <input name="ingotGold" amount="2"/>
      <cast name="DARK_GRINDING_BALL" consumed="true"/>
      <output name="tconstruct:cast_custom:2"/>
    </casting>
  </recipe>

  <recipe name="Gear Reverse Casting, 1" required="true">
    <dependency item="tconstruct:cast_custom:4"/>
    <casting>
      <input name="ingotGold" amount="2"/>
      <cast name="GEAR_STONE" consumed="true"/>
      <output name="tconstruct:cast_custom:4"/>
    </casting>
  </recipe>

  <recipe name="Gear Reverse Casting, 2" required="true">
    <dependency item="tconstruct:cast_custom:4"/>
    <casting>
      <input name="ingotGold" amount="2"/>
      <cast name="GEAR_ENERGIZED" consumed="true"/>
      <output name="tconstruct:cast_custom:4"/>
    </casting>
  </recipe>

  <recipe name="Gear Reverse Casting, 3" required="true">
    <dependency item="tconstruct:cast_custom:4"/>
    <casting>
      <input name="ingotGold" amount="2"/>
      <cast name="GEAR_VIBRANT" consumed="true"/>
      <output name="tconstruct:cast_custom:4"/>
    </casting>
  </recipe>

  <recipe name="Ender Pearl Nuggets" required="true">
    <crafting>
      <shapeless>
        <item name="nuggetEnderpearl"/><item name="nuggetEnderpearl"/><item name="nuggetEnderpearl"/>
        <item name="nuggetEnderpearl"/><item name="nuggetEnderpearl"/><item name="nuggetEnderpearl"/>
        <item name="nuggetEnderpearl"/><item name="nuggetEnderpearl"/><item name="nuggetEnderpearl"/>
      </shapeless>
      <output name="oredict:enderpearl"/>
    </crafting>
  </recipe>

  <recipe name="Dark Iron Bars" required="true">
    <crafting>
      <grid size="3x2">
        <item name="DARK_STEEL"/><item name="DARK_STEEL"/><item name="DARK_STEEL"/>
        <item name="DARK_STEEL"/><item name="DARK_STEEL"/><item name="DARK_STEEL"/>
      </grid>
      <output name="enderio:block_dark_iron_bars" amount="16"/>
    </crafting>
  </recipe>

  <recipe name="Simple Chassis" required="true">
    <crafting>
      <grid>
        <item name="barsIron"/><item name="ingotIron"/><item name="barsIron"/>
        <item name="ingotIron"/><item name="POWDER_INFINITY"/><item name="ingotIron"/>
        <item name="barsIron"/><item name="ingotIron"/><item name="barsIron"/>
      </grid>
      <output name="SIMPLE_CHASSIS"/>
    </crafting>
  </recipe>

  <recipe name="Chassis">
    <alloying energy="3600" exp="1">
      <input name="SIMPLE_CHASSIS"/>
      <input name="dyeMachine" amount="6"/>
      <output name="CHASSIS"/>
    </alloying>
  </recipe>

  <recipe name="Machine Dye">
    <crafting>
      <grid>
        <item name="dustLapis"/><item name="POWDER_QUARTZ"/><item name="ORGANIC_GREEN_DYE"/>
        <item name="POWDER_QUARTZ"/><item name="ORGANIC_BLACK_DYE"/><item name="POWDER_QUARTZ"/>
        <item name="ORGANIC_GREEN_DYE"/><item name="POWDER_QUARTZ"/><item name="dustLapis"/>
      </grid>
      <output name="dyeMachine" amount="9"/>
    </crafting>
  </recipe>

  <recipe name="Gear, Wood" required="true">
    <crafting>
      <grid>
        <item /><item name="stickWood"/><item />
        <item name="stickWood"/><item /><item name="stickWood"/>
        <item /><item name="stickWood"/><item />
      </grid>
      <output name="GEAR_WOOD"/>
    </crafting>
  </recipe>

  <recipe name="Gear, Stone" required="true">
    <crafting>
      <grid>
        <item name="stickWood"/><item name="oredict:cobblestone"/><item name="stickWood"/>
        <item name="oredict:cobblestone"/><item /><item name="oredict:cobblestone"/>
        <item name="stickWood"/><item name="oredict:cobblestone"/><item name="stickWood"/>
      </grid>
      <output name="GEAR_STONE"/>
    </crafting>
  </recipe>

  <recipe name="Gear, Stone, Upgrade" required="true">
    <crafting>
      <grid>
        <item /><item name="oredict:cobblestone"/><item />
        <item name="oredict:cobblestone"/><item name="GEAR_WOOD"/><item name="oredict:cobblestone"/>
        <item /><item name="oredict:cobblestone"/><item />
      </grid>
      <output name="GEAR_STONE"/>
    </crafting>
  </recipe>

  <recipe name="Gear, Stone, Casting">
    <casting>
      <input name="minecraft:cobblestone" amount="4"/>
      <cast name="GEAR_WOOD" consumed="true"/>
      <output name="GEAR_STONE"/>
    </casting>
  </recipe>

  <recipe name="Gear, Iron" required="true">
    <crafting>
      <grid>
        <item name="nuggetIron"/><item name="ingotIron"/><item name="nuggetIron"/>
        <item name="ingotIron"/><item name="POWDER_INFINITY"/><item name="ingotIron"/>
        <item name="nuggetIron"/><item name="ingotIron"/><item name="nuggetIron"/>
      </grid>
      <output name="GEAR_IRON"/>
    </crafting>
  </recipe>

  <recipe name="Gear, Iron, Casting">
    <casting>
      <input name="nuggetIron" amount="40"/>
      <cast name="POWDER_INFINITY" consumed="true"/>
      <output name="GEAR_IRON"/>
    </casting>
  </recipe>

  <recipe name="Gear, Energized" required="true">
    <crafting>
      <grid>
        <item name="ENERGETIC_ALLOY_NUGGET"/><item name="ENERGETIC_ALLOY_NUGGET"/><item name="ENERGETIC_ALLOY_NUGGET"/>
        <item name="ENERGETIC_ALLOY_NUGGET"/><item name="GEAR_IRON"/><item name="ENERGETIC_ALLOY_NUGGET"/>
        <item name="ENERGETIC_ALLOY_NUGGET"/><item name="ENERGETIC_ALLOY_NUGGET"/><item name="ENERGETIC_ALLOY_NUGGET"/>
      </grid>
      <output name="GEAR_ENERGIZED"/>
    </crafting>
  </recipe>

  <recipe name="Gear, Energized, Casting">
    <casting>
      <input name="ENERGETIC_ALLOY_NUGGET" amount="8"/>
      <cast name="GEAR_IRON" consumed="true"/>
      <output name="GEAR_ENERGIZED"/>
    </casting>
  </recipe>

  <recipe name="Gear, Vibrant" required="true">
    <crafting>
      <grid>
        <item name="VIBRANT_ALLOY_NUGGET"/><item name="VIBRANT_ALLOY_NUGGET"/><item name="VIBRANT_ALLOY_NUGGET"/>
        <item name="VIBRANT_ALLOY_NUGGET"/><item name="GEAR_IRON"/><item name="VIBRANT_ALLOY_NUGGET"/>
        <item name="VIBRANT_ALLOY_NUGGET"/><item name="VIBRANT_ALLOY_NUGGET"/><item name="VIBRANT_ALLOY_NUGGET"/>
      </grid>
      <output name="GEAR_VIBRANT"/>
    </crafting>
  </recipe>

  <recipe name="Gear, Vibrant, Casting">
    <casting>
      <input name="VIBRANT_ALLOY_NUGGET" amount="8"/>
      <cast name="GEAR_IRON" consumed="true"/>
      <output name="GEAR_VIBRANT"/>
    </casting>
  </recipe>

  <alias name="CAPACITOR_METAL" item="ingotCopper">
    <dependency item="ingotCopper" reverse="false"/>
  </alias>
  <alias name="CAPACITOR_METAL" item="dustRedstone">
    <dependency item="ingotCopper" reverse="true"/>
  </alias>

  <recipe name="Capacitor 1" required="true">
    <crafting>
      <grid>
        <item /><item name="nuggetGold"/><item name="POWDER_INFINITY"/>
        <item name="nuggetGold"/><item name="CAPACITOR_METAL"/><item name="nuggetGold"/>
        <item name="POWDER_INFINITY"/><item name="nuggetGold"/><item />
      </grid>
      <output name="CAPACITOR1"/>
    </crafting>
  </recipe>

  <recipe name="Capacitor 2" required="true">
    <crafting>
      <grid>
        <item /><item name="ENERGETIC_ALLOY"/><item />
        <item name="CAPACITOR1"/><item name="dustCoal"/><item name="CAPACITOR1"/>
        <item /><item name="ENERGETIC_ALLOY"/><item />
      </grid>
      <output name="CAPACITOR2"/>
    </crafting>
  </recipe>

  <recipe name="Capacitor 3" required="true">
    <crafting>
      <grid>
        <item /><item name="VIBRANT_ALLOY"/><item />
        <item name="CAPACITOR2"/><item name="oredict:glowstone"/><item name="CAPACITOR2"/>
        <item /><item name="VIBRANT_ALLOY"/><item />
      </grid>
      <output name="CAPACITOR3"/>
    </crafting>
  </recipe>

  <recipe name="Weather Crystal" required="true">
    <crafting>
      <grid>
        <item /><item name="PULSATING_CRYSTAL"/><item />
        <item name="VIBRANT_CRYSTAL"/><item name="ENDER_CRYSTAL"/><item name="VIBRANT_CRYSTAL"/>
        <item /><item name="PULSATING_CRYSTAL"/><item />
      </grid>
      <output name="WEATHER_CRYSTAL"/>
    </crafting>
  </recipe>

  <recipe name="Reinforced Obsidian" required="true">
    <crafting>
      <grid>
        <item name="POWDER_INFINITY"/><item name="enderio:block_dark_iron_bars"/><item name="POWDER_INFINITY"/>
        <item name="enderio:block_dark_iron_bars"/><item name="oredict:obsidian"/><item name="enderio:block_dark_iron_bars"/>
        <item name="POWDER_INFINITY"/><item name="enderio:block_dark_iron_bars"/><item name="POWDER_INFINITY"/>
      </grid>
      <output name="enderio:block_reinforced_obsidian"/>
    </crafting>
  </recipe>

  <recipe name="Dark Steel Anvil" required="true">
    <crafting>
      <grid>
        <item name="DARK_STEEL_BLOCK"/><item name="DARK_STEEL_BLOCK"/><item name="DARK_STEEL_BLOCK"/>
        <item/><item name="DARK_STEEL"/><item/>
        <item name="DARK_STEEL"/><item name="DARK_STEEL"/><item name="DARK_STEEL"/>
      </grid>
      <output name="enderio:block_dark_steel_anvil"/>
    </crafting>
  </recipe>

  <recipe name="Dark Steel Ladder" required="true">
    <crafting>
      <grid size="1x3">
        <item name="enderio:block_dark_iron_bars"/>
        <item name="enderio:block_dark_iron_bars"/>
        <item name="enderio:block_dark_iron_bars"/>
      </grid>
      <output name="enderio:block_dark_steel_ladder" amount="12"/>
    </crafting>
  </recipe>

  <recipe name="Dark Steel Trap Door" required="true">
    <crafting>
      <grid size="2x2">
        <item name="DARK_STEEL"/><item name="DARK_STEEL"/>
        <item name="DARK_STEEL"/><item name="DARK_STEEL"/>
      </grid>
      <output name="enderio:block_dark_steel_trapdoor" amount="1"/>
    </crafting>
  </recipe>

  <recipe name="Dark Steel Door" required="true">
    <crafting>
      <grid size="2x3">
        <item name="DARK_STEEL"/><item name="DARK_STEEL"/>
        <item name="DARK_STEEL"/><item name="DARK_STEEL"/>
        <item name="DARK_STEEL"/><item name="DARK_STEEL"/>
      </grid>
      <output name="item:enderio:block_dark_steel_door" amount="3"/>
    </crafting>
  </recipe>

  <recipe name="Bread" required="true">
    <smelting exp="0.35">
      <input name="FLOUR"/>
      <output name="minecraft:bread"/>
    </smelting>
  </recipe>

  <recipe name="Enderios" required="true">
    <crafting>
      <shapeless>
        <item name="minecraft:bowl"/><item name="minecraft:milk_bucket"/><item name="cropWheat"/><item name="nuggetEnderpearl"/>
      </shapeless>
      <output name="enderio:item_ender_food:0"/>
    </crafting>
  </recipe>

  <recipe name="Copper" required="false">
    <smelting>
      <input name="dustCopper"/>
      <output name="ingotCopper"/>
    </smelting>
  </recipe>

  <recipe name="Tin" required="false">
    <smelting>
      <input name="dustTin"/>
      <output name="ingotTin"/>
    </smelting>
  </recipe>

  <recipe name="Ardite" required="false">
    <smelting>
      <input name="dustArdite"/>
      <output name="ingotArdite"/>
    </smelting>
  </recipe>

  <recipe name="Cobalt" required="false">
    <smelting>
      <input name="dustCobalt"/>
      <output name="ingotCobalt"/>
    </smelting>
  </recipe>

  <recipe name="Obsidian Smelting" required="false">
    <smelting vanilla="false" tinkers="true">
      <!-- Note: With Dark Steel Balls, one obsidian block will sagmill to 6 powders, so we need to make them smelt that way to avoid duping. -->
      <input name="POWDER_OBSIDIAN" amount="6"/>
      <output name="item:obsidian"/>
    </smelting>
  </recipe>

  <recipe name="Chassis Parts" required="true">
    <crafting>
      <grid size="3x3">
        <item name="ingotIron"/><item name="ingotIron"/><item name="ingotIron"/>
        <item name="ingotIron"/><item name="CHASSIS"/><item name="ingotIron"/>
        <item name="ingotIron"/><item name="ingotIron"/><item name="ingotIron"/>
      </grid>
      <output name="CHASSIPARTS" amount="16"/>
    </crafting>
  </recipe>

  <recipe name="Deco Block 1/0" required="true">
    <crafting>
      <grid size="3x3">
        <item /><item name="CHASSIPARTS"/><item />
        <item name="CHASSIPARTS"/><item /><item name="CHASSIPARTS"/>
        <item /><item name="CHASSIPARTS"/><item />
      </grid>
      <output name="enderio:block_decoration1:0" amount="1"/>
    </crafting>
  </recipe>

  <recipe name="Deco Block 1/1 a" required="true">
    <crafting>
      <grid size="3x3">
        <item /><item name="ingotIron"/><item />
        <item name="ingotIron"/><item name="enderio:block_decoration1:0"/><item name="ingotIron"/>
        <item /><item name="ingotIron"/><item />
      </grid>
      <output name="enderio:block_decoration1:1" amount="1"/>
    </crafting>
  </recipe>

  <recipe name="Deco Block 1/1 b" required="true">
    <crafting>
      <grid size="3x3">
        <item name="CHASSIPARTS"/><item name="ingotIron"/><item name="CHASSIPARTS"/>
        <item name="ingotIron"/><item /><item name="ingotIron"/>
        <item name="CHASSIPARTS"/><item name="ingotIron"/><item name="CHASSIPARTS"/>
      </grid>
      <output name="enderio:block_decoration1:1" amount="1"/>
    </crafting>
  </recipe>

  <recipe name="Deco Block 1/1 c" required="true">
    <crafting>
      <grid size="3x3">
        <item name="ingotIron"/><item name="CHASSIPARTS"/><item name="ingotIron"/>
        <item name="CHASSIPARTS"/><item /><item name="CHASSIPARTS"/>
        <item name="ingotIron"/><item name="CHASSIPARTS"/><item name="ingotIron"/>
      </grid>
      <output name="enderio:block_decoration1:1" amount="1"/>
    </crafting>
  </recipe>

  <recipe name="Deco Block 1/1 d" required="true">
    <crafting>
      <shapeless>
        <item name="enderio:block_decoration1:6"/>
      </shapeless>
      <output name="enderio:block_decoration1:1" amount="1"/>
    </crafting>
  </recipe>

  <recipe name="Deco Block 1/2" required="true">
    <crafting>
      <shapeless>
        <item name="enderio:block_decoration1:1"/>
      </shapeless>
      <output name="enderio:block_decoration1:2" amount="1"/>
    </crafting>
  </recipe>

  <recipe name="Deco Block 1/3" required="true">
    <crafting>
      <shapeless>
        <item name="enderio:block_decoration1:2"/>
      </shapeless>
      <output name="enderio:block_decoration1:3" amount="1"/>
    </crafting>
  </recipe>

  <recipe name="Deco Block 1/4" required="true">
    <crafting>
      <shapeless>
        <item name="enderio:block_decoration1:3"/>
      </shapeless>
      <output name="enderio:block_decoration1:4" amount="1"/>
    </crafting>
  </recipe>

  <recipe name="Deco Block 1/5" required="true">
    <crafting>
      <shapeless>
        <item name="enderio:block_decoration1:4"/>
      </shapeless>
      <output name="enderio:block_decoration1:5" amount="1"/>
    </crafting>
  </recipe>

  <recipe name="Deco Block 1/6" required="true">
    <crafting>
      <shapeless>
        <item name="enderio:block_decoration1:5"/>
      </shapeless>
      <output name="enderio:block_decoration1:6" amount="1"/>
    </crafting>
  </recipe>

  <recipe name="Deco Block 1/7 a" required="true">
    <crafting>
      <grid size="3x3">
        <item /><item name="SOULARIUM"/><item />
        <item name="SOULARIUM"/><item name="enderio:block_decoration1:0"/><item name="SOULARIUM"/>
        <item /><item name="SOULARIUM"/><item />
      </grid>
      <output name="enderio:block_decoration1:7" amount="1"/>
    </crafting>
  </recipe>

  <recipe name="Deco Block 1/7 b" required="true">
    <crafting>
      <grid size="3x3">
        <item name="CHASSIPARTS"/><item name="SOULARIUM"/><item name="CHASSIPARTS"/>
        <item name="SOULARIUM"/><item /><item name="SOULARIUM"/>
        <item name="CHASSIPARTS"/><item name="SOULARIUM"/><item name="CHASSIPARTS"/>
      </grid>
      <output name="enderio:block_decoration1:7" amount="1"/>
    </crafting>
  </recipe>

  <recipe name="Deco Block 1/7 c" required="true">
    <crafting>
      <grid size="3x3">
        <item name="SOULARIUM"/><item name="CHASSIPARTS"/><item name="SOULARIUM"/>
        <item name="CHASSIPARTS"/><item /><item name="CHASSIPARTS"/>
        <item name="SOULARIUM"/><item name="CHASSIPARTS"/><item name="SOULARIUM"/>
      </grid>
      <output name="enderio:block_decoration1:7" amount="1"/>
    </crafting>
  </recipe>

  <recipe name="Deco Block 1/7 d" required="true">
    <crafting>
      <shapeless>
        <item name="enderio:block_decoration1:12"/>
      </shapeless>
      <output name="enderio:block_decoration1:7" amount="1"/>
    </crafting>
  </recipe>

  <recipe name="Deco Block 1/8" required="true">
    <crafting>
      <shapeless>
        <item name="enderio:block_decoration1:7"/>
      </shapeless>
      <output name="enderio:block_decoration1:8" amount="1"/>
    </crafting>
  </recipe>

  <recipe name="Deco Block 1/9" required="true">
    <crafting>
      <shapeless>
        <item name="enderio:block_decoration1:8"/>
      </shapeless>
      <output name="enderio:block_decoration1:9" amount="1"/>
    </crafting>
  </recipe>

  <recipe name="Deco Block 1/10" required="true">
    <crafting>
      <shapeless>
        <item name="enderio:block_decoration1:9"/>
      </shapeless>
      <output name="enderio:block_decoration1:10" amount="1"/>
    </crafting>
  </recipe>

  <recipe name="Deco Block 1/11" required="true">
    <crafting>
      <shapeless>
        <item name="enderio:block_decoration1:10"/>
      </shapeless>
      <output name="enderio:block_decoration1:11" amount="1"/>
    </crafting>
  </recipe>

  <recipe name="Deco Block 1/12" required="true">
    <crafting>
      <shapeless>
        <item name="enderio:block_decoration1:11"/>
      </shapeless>
      <output name="enderio:block_decoration1:12" amount="1"/>
    </crafting>
  </recipe>

  <recipe name="Deco Block 1/13" required="true">
    <crafting>
      <shapeless>
        <item name="enderio:block_decoration1:1"/><item name="oredict:dyeRed"/>
      </shapeless>
      <output name="enderio:block_decoration1:13" amount="1"/>
    </crafting>
  </recipe>

  <recipe name="Deco Block 1/1 f" required="true">
    <crafting>
      <shapeless>
        <item name="enderio:block_decoration1:13"/><item name="minecraft:water_bucket"/>
      </shapeless>
      <output name="enderio:block_decoration1:1" amount="1"/>
    </crafting>
  </recipe>

  <recipe name="Deco Block 1/14 a" required="true">
    <crafting>
      <grid size="3x3">
        <item /><item name="barsIron"/><item />
        <item name="barsIron"/><item name="enderio:block_decoration1:0"/><item name="barsIron"/>
        <item /><item name="barsIron"/><item />
      </grid>
      <output name="enderio:block_decoration1:14" amount="1"/>
    </crafting>
  </recipe>

  <recipe name="Deco Block 1/14 b" required="true">
    <crafting>
      <grid size="3x3">
        <item name="CHASSIPARTS"/><item name="barsIron"/><item name="CHASSIPARTS"/>
        <item name="barsIron"/><item /><item name="barsIron"/>
        <item name="CHASSIPARTS"/><item name="barsIron"/><item name="CHASSIPARTS"/>
      </grid>
      <output name="enderio:block_decoration1:14" amount="1"/>
    </crafting>
  </recipe>

  <recipe name="Deco Block 1/14 c" required="true">
    <crafting>
      <grid size="3x3">
        <item name="barsIron"/><item name="CHASSIPARTS"/><item name="barsIron"/>
        <item name="CHASSIPARTS"/><item /><item name="CHASSIPARTS"/>
        <item name="barsIron"/><item name="CHASSIPARTS"/><item name="barsIron"/>
      </grid>
      <output name="enderio:block_decoration1:14" amount="1"/>
    </crafting>
  </recipe>

  <recipe name="Deco Block 1/15 a" required="true">
    <crafting>
      <grid size="3x3">
        <item /><item name="FUSED_GLASS"/><item />
        <item name="FUSED_GLASS"/><item name="enderio:block_decoration1:0"/><item name="FUSED_GLASS"/>
        <item /><item name="FUSED_GLASS"/><item />
      </grid>
      <output name="enderio:block_decoration1:15" amount="1"/>
    </crafting>
  </recipe>

  <recipe name="Deco Block 1/15 b" required="true">
    <crafting>
      <grid size="3x3">
        <item name="CHASSIPARTS"/><item name="FUSED_GLASS"/><item name="CHASSIPARTS"/>
        <item name="FUSED_GLASS"/><item /><item name="FUSED_GLASS"/>
        <item name="CHASSIPARTS"/><item name="FUSED_GLASS"/><item name="CHASSIPARTS"/>
      </grid>
      <output name="enderio:block_decoration1:15" amount="1"/>
    </crafting>
  </recipe>

  <recipe name="Deco Block 1/15 c" required="true">
    <crafting>
      <grid size="3x3">
        <item name="FUSED_GLASS"/><item name="CHASSIPARTS"/><item name="FUSED_GLASS"/>
        <item name="CHASSIPARTS"/><item /><item name="CHASSIPARTS"/>
        <item name="FUSED_GLASS"/><item name="CHASSIPARTS"/><item name="FUSED_GLASS"/>
      </grid>
      <output name="enderio:block_decoration1:15" amount="1"/>
    </crafting>
  </recipe>

  <recipe name="Deco Block 2/0" required="true">
    <crafting>
      <shapeless>
        <item name="enderio:block_decoration1:1"/><item name="minecraft:furnace"/><item name="minecraft:furnace"/>
      </shapeless>
      <output name="enderio:block_decoration2:0" amount="1"/>
    </crafting>
  </recipe>

  <recipe name="Deco Block 2/1" required="true">
    <crafting>
      <shapeless>
        <item name="enderio:block_decoration1:1"/><item name="chestWood"/>
      </shapeless>
      <output name="enderio:block_decoration2:1" amount="1"/>
    </crafting>
  </recipe>

  <recipe name="Deco Block 2/2" required="true">
    <crafting>
      <shapeless>
        <item name="enderio:block_decoration1:1"/><item name="CHASSIS"/>
      </shapeless>
      <output name="enderio:block_decoration2:2" amount="1"/>
    </crafting>
  </recipe>

  <recipe name="Deco Block 2/3" required="true">
    <crafting>
      <shapeless>
        <item name="enderio:block_decoration2:1"/><item name="enderio:block_decoration2:2"/>
      </shapeless>
      <output name="enderio:block_decoration2:3" amount="2"/>
    </crafting>
  </recipe>

  <recipe name="Deco Block 2/4" required="true">
    <crafting>
      <shapeless>
        <item name="enderio:block_decoration2:3"/><item name="netherStar"/>
      </shapeless>
      <output name="enderio:block_decoration2:4" amount="1"/>
    </crafting>
  </recipe>

  <recipe name="Deco Block 2/5" required="true">
    <crafting>
      <shapeless>
        <item name="enderio:block_decoration1:1"/><item name="workbench"/>
      </shapeless>
      <output name="enderio:block_decoration2:5" amount="1"/>
    </crafting>
  </recipe>

  <recipe name="Deco Block 2/6" required="true">
    <crafting>
      <shapeless>
        <item name="enderio:block_decoration1:1"/><item name="gemDiamond"/>
      </shapeless>
      <output name="enderio:block_decoration2:6" amount="1"/>
    </crafting>
  </recipe>

  <recipe name="Deco Block 2/7" required="true">
    <crafting>
      <shapeless>
        <item name="enderio:block_decoration1:1"/><item name="POWDER_INFINITY"/>
      </shapeless>
      <output name="enderio:block_decoration2:7" amount="1"/>
    </crafting>
  </recipe>

  <recipe name="Deco Block 2/8" required="true">
    <crafting>
      <shapeless>
        <item name="enderio:block_decoration1:1"/><item name="itemFlint"/><item name="itemFlint"/>
      </shapeless>
      <output name="enderio:block_decoration2:8" amount="1"/>
    </crafting>
  </recipe>

  <recipe name="Deco Block 2/9" required="true">
    <crafting>
      <shapeless>
        <item name="enderio:block_decoration1:7"/><item name="minecraft:iron_axe"/>
      </shapeless>
      <output name="enderio:block_decoration2:9" amount="1"/>
    </crafting>
  </recipe>

  <recipe name="Deco Block 2/10" required="true">
    <crafting>
      <shapeless>
        <item name="enderio:block_decoration1:1"/><item name="GEAR_ENERGIZED"/>
      </shapeless>
      <output name="enderio:block_decoration2:10" amount="1"/>
    </crafting>
  </recipe>

  <recipe name="Deco Block 2/11" required="true">
    <crafting>
      <shapeless>
        <item name="enderio:block_decoration1:15"/><item name="barsIron"/>
      </shapeless>
      <output name="enderio:block_decoration2:11" amount="1"/>
    </crafting>
  </recipe>

  <recipe name="Deco Block 2/12" required="true">
    <crafting>
      <shapeless>
        <item name="enderio:block_decoration1:15"/><item name="enderio:block_dark_iron_bars"/>
      </shapeless>
      <output name="enderio:block_decoration2:12" amount="1"/>
    </crafting>
  </recipe>

  <recipe name="Deco Block 2/13" required="true">
    <crafting>
      <shapeless>
        <item name="enderio:block_decoration1:1"/><item name="CONDUIT_BINDER"/>
      </shapeless>
      <output name="enderio:block_decoration2:13" amount="1"/>
    </crafting>
  </recipe>

  <recipe name="Deco Block 2/14" required="true">
    <crafting>
      <shapeless>
        <item name="enderio:block_decoration1:1"/><item name="ingotIron"/>
      </shapeless>
      <output name="enderio:block_decoration2:14" amount="1"/>
    </crafting>
  </recipe>

  <recipe name="Deco Block 2/15" required="true">
    <crafting>
      <shapeless>
        <item name="enderio:block_decoration1:1"/><item name="CAPACITOR1"/><item name="CAPACITOR1"/>
      </shapeless>
      <output name="enderio:block_decoration2:15" amount="1"/>
    </crafting>
  </recipe>

  <recipe name="Deco Block 3/0" required="true">
    <crafting>
      <shapeless>
        <item name="enderio:block_decoration1:1"/><item name="minecraft:bucket"/>
      </shapeless>
      <output name="enderio:block_decoration3:0" amount="1"/>
    </crafting>
  </recipe>

  <recipe name="Deco Block 3/1" required="true">
    <crafting>
      <shapeless>
        <item name="enderio:block_decoration1:1"/><item name="minecraft:furnace"/>
      </shapeless>
      <output name="enderio:block_decoration3:1" amount="1"/>
    </crafting>
  </recipe>

  <recipe name="Deco Block 3/2" required="true">
    <crafting>
      <shapeless>
        <item name="enderio:block_decoration1:1"/><item name="GEAR_IRON"/>
      </shapeless>
      <output name="enderio:block_decoration3:2" amount="1"/>
    </crafting>
  </recipe>

  <recipe name="Deco Block 3/3" required="true">
    <crafting>
      <shapeless>
        <item name="enderio:block_decoration1:1"/><item name="CAPACITOR1"/>
      </shapeless>
      <output name="enderio:block_decoration3:3" amount="1"/>
    </crafting>
  </recipe>

  <recipe name="Deco Block 3/4" required="true">
    <crafting>
      <shapeless>
        <item name="enderio:block_decoration1:1"/><item name="itemFlint"/>
      </shapeless>
      <output name="enderio:block_decoration3:4" amount="1"/>
    </crafting>
  </recipe>

</enderio:recipes>