<?xml version="1.0" encoding="UTF-8"?>
<enderio:recipes xmlns:enderio="http://enderio.com/recipes" xmlns:xsi="http://www.w3.org/2001/XMLSchema-instance" xsi:schemaLocation="http://enderio.com/recipes recipes.xsd ">

  <!-- recipes Ender IO needs -->

  <recipe name="Simple SAG Mill" required="true">
    <crafting>
      <grid size="3x3">
        <item name="itemFlint" /><item name="itemFlint" /><item name="itemFlint" />
        <item name="ingotIron" /><item name="SIMPLE_CHASSIS"/><item name="ingotIron" />
        <item name="GEAR_STONE" /><item name="minecraft:piston" /><item name="GEAR_STONE" />
      </grid>
      <output name="enderio:block_simple_sag_mill" />
    </crafting>
  </recipe>

  <recipe name="SAG Mill" required="true">
    <crafting>
      <grid size="3x3">
        <item name="itemFlint" /><item name="itemFlint" /><item name="itemFlint" />
        <item name="ingotIron" /><item name="CHASSIS" /><item name="ingotIron" />
        <item name="GEAR_ENERGIZED" /><item name="minecraft:piston" /><item name="GEAR_ENERGIZED" />
      </grid>
      <output name="enderio:block_sag_mill" />
    </crafting>
  </recipe>

  <recipe name="SAG Mill, Upgrade" required="true">
    <crafting upgrade="true">
      <grid size="3x3">
        <item /><item name="enderio:block_simple_sag_mill" /><item />
        <item /><item name="CHASSIS" /><item />
        <item name="GEAR_ENERGIZED" /><item /><item name="GEAR_ENERGIZED" />
      </grid>
      <output name="enderio:block_sag_mill" />
    </crafting>
  </recipe>

  <!-- 

  Grinding Balls:
  Grinding balls provide bonus outputs and reduced power use. Using the user config new grinding balls may be added and
  existing ones removed.

  Use of the grinding ball is restricted by the bonusType of the recipe. If it is set to "none", it will not have any grinding
  ball bonuses applied and will not reduce the durability of any balls in the mill at the time it is  processed. If it is set
  to "chance_only", the chance and power multipliers of the grinding balls are applied, but not the grinding multiplier. If it
  is set to "multiply_output" (default), all multipliers apply.

  - grinding:           The recipe output will be produced this many times. e.g. "3.14" would produce 3 copies of the complete
                        output set and a 14% chance for a forth copy.
  - chance:             The chances for the different outputs of the recipe are multiplied with this. e.g. if a recipe specifies
                        <output name="cobblestone" chance="0.15" /> a chance multiplier of "3.14" would make it a 47.1% chance
                        of getting one cobblestone. Results of more than 100% do not give multiples.
  - power:              The "energy cost" of the recipe is multiplied with this.
  - durability:         This specifies how long one grinding ball will last before it is used up. The unit is the amount of
                        power used by the SAG Mill.

   -->

  <grindingball name="Flint" grinding="1.2" chance="1.25" power="0.85" durability="24000" >
    <item name="itemFlint"/>
  </grindingball>
  <grindingball name="Diamond" grinding="1.75" chance="1.1" power="1.25" durability="200000" >
    <item name="gemDiamond"/>
  </grindingball>
  <grindingball name="Dark Steel Ball" grinding="1.5" chance="2.00" power="0.7" durability="250000" >
    <item name="itemDarkGrindingBall"/>
  </grindingball>

  <recipe name="Sagmill: Silicon" required="true">
    <sagmilling energy="720">
      <input name="oredict:sand"/>
      <output name="itemSilicon" chance="0.5" />
    </sagmilling>
  </recipe>

  <recipe name="Sagmill: Coal" required="true">
    <sagmilling energy="2400">
      <input name="minecraft:coal:0"/>
      <output name="dustCoal" />
      <output name="dustCoal" chance="0.1" />
      <output name="dustSulfur" chance="0.1" required="false" />
    </sagmilling>
  </recipe>

  <recipe name="Sagmill: Ender Pearl" required="true">
    <sagmilling energy="1600" bonus="none">
      <input name="oredict:enderpearl"/>
      <output name="nuggetEnderpearl" amount="9"  />
    </sagmilling>
  </recipe>

  <recipe name="Sagmill: Ender Dust" required="false">
    <sagmilling energy="800" bonus="none">
      <input name="dustEnderPearl"/>
      <output name="nuggetEnderpearl" amount="9"  />
    </sagmilling>
  </recipe>

  <recipe name="Ender Dust" required="false">
    <crafting>
      <grid>
        <item name="nuggetEnderpearl"/><item name="nuggetEnderpearl"/><item name="nuggetEnderpearl"/>
        <item name="nuggetEnderpearl"/><item name="nuggetEnderpearl"/><item name="nuggetEnderpearl"/>
        <item name="nuggetEnderpearl"/><item name="nuggetEnderpearl"/><item name="nuggetEnderpearl"/>
      </grid>
      <output name="dustEnderPearl" /><!-- AE2 -->
    </crafting>
  </recipe>

  <recipe name="Sagmill: Pulsating Powder" required="true">
    <sagmilling energy="1600" bonus="none">
      <input name="itemPulsatingCrystal"/>
      <output name="itemPulsatingPowder" />
    </sagmilling>
  </recipe>

  <recipe name="Sagmill: EnderCrystal Powder" required="true">
    <sagmilling energy="1600" bonus="none">
      <input name="itemEnderCrystal"/>
      <output name="itemEnderCrystalPowder" />
    </sagmilling>
  </recipe>

  <recipe name="Sagmill: Precient Powder" required="true">
    <sagmilling energy="1600" bonus="none">
      <input name="itemPrecientCrystal"/>
      <output name="itemPrecientPowder" />
    </sagmilling>
  </recipe>

  <recipe name="Sagmill: Obsidian" required="true">
    <sagmilling energy="4000">
      <input name="minecraft:obsidian"/>
      <output name="dustObsidian" amount="4" />
    </sagmilling>
  </recipe>

  <recipe name="Quartz Dust">
    <sagmilling bonus="chance_only" energy="2400">
      <input name="gemQuartz"/>
      <output name="POWDER_QUARTZ"/>
      <output name="POWDER_QUARTZ" chance=".1"/>
    </sagmilling>
  </recipe>

  <recipe name="Lapis Dust">
    <sagmilling bonus="none" energy="2400">
      <input name="gemLapis"/>
      <output name="dustLapis"/>
    </sagmilling>
  </recipe>

  <recipe name="Lapis Block Dust">
    <sagmilling bonus="none" energy="3600">
      <input name="blockLapis"/>
      <output name="dustLapis" amount="9"/>
    </sagmilling>
  </recipe>

  <recipe name="Sagmill: Infinity Powder" required="true">
      <!-- Note: This recipe is not usually available; Ender IO does not add a way to get bedrock.
                 But if another mod does so, this will allow players to "shave off" infinity
                 powder from bedrock. As with the in-world crafting, the bedrock will not be
                 consumed. -->
    <sagmilling energy="9999999" bonus="none">
      <input name="minecraft:bedrock"/>
      <output name="minecraft:bedrock" />
      <output name="dustBedrock" />
    </sagmilling>
  </recipe>

  <recipe name="Sagmill: Infinity Dust" required="true">
    <sagmilling energy="30000" bonus="chance_only">
      <input name="dustBedrock"/>
      <output name="enderio:block_infinity_fog"/>
    </sagmilling>
  </recipe>


</enderio:recipes>