[
    {
        "mode": "ADD",
        "result": "actuallyadditions:item_crystal_empowered,1,0",
        "catalyst": "actuallyadditions:item_crystal,1,0",
        "energy": 5000,
        "tier": 1,
        "ingredients": [
            "minecraft:netherbrick",
            "minecraft:redstone",
            "minecraft:brick",
            "ore:dyeRed"
        ]
    },
	{
        "mode": "ADD",
        "result": "actuallyadditions:item_crystal_empowered,1,1",
        "catalyst": "actuallyadditions:item_crystal,1,1",
        "energy": 5000,
        "tier": 1,
        "ingredients": [
            "minecraft:prismarine_shard",
            "minecraft:prismarine_shard",
            "minecraft:prismarine_shard",
            "ore:dyeCyan"
        ]
    },
	{
        "mode": "ADD",
        "result": "actuallyadditions:item_crystal_empowered,1,2",
        "catalyst": "actuallyadditions:item_crystal,1,2",
        "energy": 5000,
        "tier": 1,
        "ingredients": [
            "minecraft:clay_ball",
            "minecraft:clay_ball",
            "minecraft:clay",
            "ore:dyeLightBlue"
        ]
    },
	{
        "mode": "ADD",
        "result": "actuallyadditions:item_crystal_empowered,1,3",
        "catalyst": "actuallyadditions:item_crystal,1,3",
        "energy": 5000,
        "tier": 1,
        "ingredients": [
            "minecraft:coal,1,1",
            "minecraft:flint",
            "minecraft:stone",
            "ore:dyeBlack"
        ]
    },
	{
        "mode": "ADD",
        "result": "actuallyadditions:item_crystal_empowered,1,4",
        "catalyst": "actuallyadditions:item_crystal,1,4",
        "energy": 5000,
        "tier": 1,
        "ingredients": [
            "minecraft:tallgrass,1,1",
            "ore:treeSapling",
            "ore:slimeball",
            "ore:dyeLime"
        ]
    },
	{
        "mode": "ADD",
        "result": "actuallyadditions:item_crystal_empowered,1,5",
        "catalyst": "actuallyadditions:item_crystal,1,5",
        "energy": 5000,
        "tier": 1,
        "ingredients": [
            "minecraft:snowball",
            "minecraft:stone_button",
            "minecraft:cobblestone",
            "ore:dyeGray"
        ]
    },
	{
        "mode": "ADD",
        "result": "actuallyadditions:item_misc,1,24",
        "catalyst": "actuallyadditions:item_misc,1,23",
        "energy": 5000,
        "tier": 1,
        "ingredients": [
            "actuallyadditions:item_canola_seed",
            "actuallyadditions:item_canola_seed",
            "actuallyadditions:item_canola_seed",
            "actuallyadditions:item_canola_seed"
        ]
    },
	{
        "mode": "ADD",
        "result": "actuallyadditions:block_crystal_empowered,1,0",
        "catalyst": "actuallyadditions:block_crystal,1,0",
        "energy": 50000,
        "tier": 1,
        "ingredients": [
            "minecraft:netherbrick",
            "minecraft:redstone",
            "minecraft:brick",
            "ore:dyeRed"
        ]
    },
	{
        "mode": "ADD",
        "result": "actuallyadditions:block_crystal_empowered,1,1",
        "catalyst": "actuallyadditions:block_crystal,1,1",
        "energy": 50000,
        "tier": 1,
        "ingredients": [
            "minecraft:prismarine_shard",
            "minecraft:prismarine_shard",
            "minecraft:prismarine_shard",
            "ore:dyeCyan"
        ]
    },
	{
        "mode": "ADD",
        "result": "actuallyadditions:block_crystal_empowered,1,2",
        "catalyst": "actuallyadditions:block_crystal,1,2",
        "energy": 50000,
        "tier": 1,
        "ingredients": [
            "minecraft:clay_ball",
            "minecraft:clay_ball",
            "minecraft:clay",
            "ore:dyeLightBlue"
        ]
    },
	{
        "mode": "ADD",
        "result": "actuallyadditions:block_crystal_empowered,1,3",
        "catalyst": "actuallyadditions:block_crystal,1,3",
        "energy": 50000,
        "tier": 1,
        "ingredients": [
            "minecraft:coal,1,1",
            "minecraft:flint",
            "minecraft:stone",
            "ore:dyeBlack"
        ]
    },
	{
        "mode": "ADD",
        "result": "actuallyadditions:block_crystal_empowered,1,4",
        "catalyst": "actuallyadditions:block_crystal,1,4",
        "energy": 50000,
        "tier": 1,
        "ingredients": [
            "minecraft:tallgrass,1,1",
            "ore:treeSapling",
            "ore:slimeball",
            "ore:dyeLime"
        ]
    },
	{
        "mode": "ADD",
        "result": "actuallyadditions:block_crystal_empowered,1,5",
        "catalyst": "actuallyadditions:block_crystal,1,5",
        "energy": 50000,
        "tier": 1,
        "ingredients": [
            "minecraft:snowball",
            "minecraft:stone_button",
            "minecraft:cobblestone",
            "ore:dyeGray"
        ]
    }
]