{
  "dependencies": "matteroverdrive",
  "populate": {
    "thorium_ore": {
      "distribution": "uniform",
      "generator": {
        "block": [
          {"name": "matteroverdrive:tritanium_ore", "metadata": 0, "weight": 0}
        ],
        "material": "minecraft:stone",
        "cluster-size": 8
      },
      "cluster-count": 6,
      "min-height": 0,
      "max-height": 64,
      "retrogen": "true",
      "biome": "all",
      "dimension": {
        "restriction": "blacklist",
        "value": [
          -1,
          1
        ]
      }
    },
    "dilithium_ore": {
      "distribution": "uniform",
      "generator": {
        "block": [
          {"name": "matteroverdrive:dilithium_ore", "metadata": 0, "weight": 0}
        ],
        "material": "minecraft:stone",
        "cluster-size": 8
      },
      "cluster-count": 4,
      "min-height": 0,
      "max-height": 32,
      "retrogen": "true",
      "biome": "all",
      "dimension": {
        "restriction": "blacklist",
        "value": [
          -1,
          1
        ]
      }
    }
  }
}