<galaxy>
    <star name="Celestia" temp="100" x="0" y="0" size="1.0" numPlanets="0" numGasGiants="0">
			<planet name="Earth" DIMID="0" dimMapping="">
            <isKnown>true</isKnown>
            <fogColor>1.0,1.0,1.0</fogColor>
            <skyColor>1.0,1.0,1.0</skyColor>
            <gravitationalMultiplier>100</gravitationalMultiplier>
            <orbitalDistance>100</orbitalDistance>
            <orbitalPhi>0</orbitalPhi>
            <rotationalPeriod>24000</rotationalPeriod>
            <atmosphereDensity>100</atmosphereDensity>
            <planet name="Luna" DIMID="3">
                <isKnown>false</isKnown>
                <fogColor>1.0,1.0,1.0</fogColor>
                <skyColor>1.0,1.0,1.0</skyColor>
                <gravitationalMultiplier>16</gravitationalMultiplier>
                <orbitalDistance>150</orbitalDistance>
                <orbitalPhi>0</orbitalPhi>
                <rotationalPeriod>128000</rotationalPeriod>
                <atmosphereDensity>0</atmosphereDensity>
                <biomeIds>125,116</biomeIds>
            </planet>
        </planet>
        <planet name="Mars" DIMID="16">
            <isKnown>false</isKnown>
            <fogColor>1.0,1.0,1.0</fogColor>
            <skyColor>0.23552197,0.5528875,1.0</skyColor>
            <gravitationalMultiplier>110</gravitationalMultiplier>
            <orbitalDistance>150</orbitalDistance>
            <orbitalPhi>0</orbitalPhi>
            <rotationalPeriod>25000</rotationalPeriod>
            <atmosphereDensity>72</atmosphereDensity>
            <biomeIds>118</biomeIds>
                <planet name="Phobos" DIMID="27">
                <isKnown>false</isKnown>
                <fogColor>1.0,1.0,1.0</fogColor>
                <skyColor>0.8,0.6596607,0.11383283</skyColor>
                <gravitationalMultiplier>126</gravitationalMultiplier>
                <orbitalDistance>90</orbitalDistance>
                <orbitalPhi>-2</orbitalPhi>
                <rotationalPeriod>11997</rotationalPeriod>
                <atmosphereDensity>55</atmosphereDensity>
                <biomeIds>125</biomeIds>
            </planet>
            <planet name="Deimos" DIMID="28">
                <isKnown>false</isKnown>
                <fogColor>1.0,1.0,1.0</fogColor>
                <skyColor>0.8,0.6596607,0.11383283</skyColor>
                <gravitationalMultiplier>126</gravitationalMultiplier>
                <orbitalDistance>90</orbitalDistance>
                <orbitalPhi>-2</orbitalPhi>
                <rotationalPeriod>11997</rotationalPeriod>
                <atmosphereDensity>55</atmosphereDensity>
                <biomeIds>116</biomeIds>
            </planet>
        </planet>
        <planet name="Saturn" DIMID="19">
            <isKnown>false</isKnown>
            <fogColor>1.0,1.0,1.0</fogColor>
            <skyColor>0.8,0.6596607,0.11383283</skyColor>
            <gravitationalMultiplier>126</gravitationalMultiplier>
            <orbitalDistance>960</orbitalDistance>
            <orbitalPhi>-2</orbitalPhi>
            <rotationalPeriod>1000</rotationalPeriod>
            <atmosphereDensity>155</atmosphereDensity>
            <GasGiant>true</GasGiant>
			<gas>nitrogen</gas>
            <gas>oxygen</gas>
			<gas>helium</gas>
        </planet>
        <planet name="Mercery" DIMID="4">
            <isKnown>false</isKnown>
            <fogColor>1.0,1.0,1.0</fogColor>
            <skyColor>1.0,1.0,1.0</skyColor>
            <gravitationalMultiplier>38</gravitationalMultiplier>
            <orbitalDistance>24</orbitalDistance>
            <orbitalPhi>0</orbitalPhi>
            <rotationalPeriod>141600</rotationalPeriod>
            <atmosphereDensity>5</atmosphereDensity>
			<biomeIds>116</biomeIds>
        </planet>
        <planet name="Venus" DIMID="20">
            <isKnown>false</isKnown>
            <fogColor>1.0,1.0,1.0</fogColor>
            <skyColor>0.8,0.82618,0.14542347</skyColor>
            <gravitationalMultiplier>98</gravitationalMultiplier>
            <orbitalDistance>72</orbitalDistance>
            <orbitalPhi>-4</orbitalPhi>
            <rotationalPeriod>5832000</rotationalPeriod>
            <atmosphereDensity>195</atmosphereDensity>
            <biomeIds>120</biomeIds>
        </planet>
        <planet name="Jupiter" DIMID="21">
            <isKnown>false</isKnown>
            <fogColor>1.0,1.0,1.0</fogColor>
            <skyColor>0.5878742,0.89389074,1.0</skyColor>
            <gravitationalMultiplier>104</gravitationalMultiplier>
            <orbitalDistance>520</orbitalDistance>
            <orbitalPhi>-3</orbitalPhi>
            <rotationalPeriod>9840</rotationalPeriod>
            <atmosphereDensity>58</atmosphereDensity>
            <biomeIds>34,20,131,3,162</biomeIds>
        </planet>
        <planet name="Saturn" DIMID="19">
            <isKnown>false</isKnown>
            <fogColor>1.0,1.0,1.0</fogColor>
            <skyColor>0.8,0.6596607,0.11383283</skyColor>
            <gravitationalMultiplier>126</gravitationalMultiplier>
            <orbitalDistance>960</orbitalDistance>
            <orbitalPhi>-2</orbitalPhi>
            <rotationalPeriod>1000</rotationalPeriod>
            <atmosphereDensity>155</atmosphereDensity>
            <GasGiant>true</GasGiant>
			<gas>nitrogen</gas>
            <gas>oxygen</gas>
			<gas>helium</gas>
            <planet name="Tethys" DIMID="23">
                <isKnown>false</isKnown>
                <fogColor>1.0,1.0,1.0</fogColor>
                <skyColor>0.073173106,0.5408215,1.0</skyColor>
                <gravitationalMultiplier>66</gravitationalMultiplier>
                <orbitalDistance>149</orbitalDistance>
                <orbitalPhi>3</orbitalPhi>
                <rotationalPeriod>83479</rotationalPeriod>
                <atmosphereDensity>13</atmosphereDensity>
                <biomeIds>116</biomeIds>
            </planet>
            <planet name="Titan" DIMID="24">
                <isKnown>false</isKnown>
                <fogColor>1.0,1.0,1.0</fogColor>
                <skyColor>0.0,0.9059073,1.0</skyColor>
                <gravitationalMultiplier>71</gravitationalMultiplier>
                <orbitalDistance>8</orbitalDistance>
                <orbitalPhi>-2</orbitalPhi>
                <rotationalPeriod>67055</rotationalPeriod>
                <atmosphereDensity>34</atmosphereDensity>
                <biomeIds>116, 120, 122</biomeIds>
            </planet>
            <planet name="Iapetus" DIMID="25">
                <isKnown>false</isKnown>
                <fogColor>1.0,1.0,1.0</fogColor>
                <skyColor>0.0,0.5875311,1.0</skyColor>
                <gravitationalMultiplier>78</gravitationalMultiplier>
                <orbitalDistance>188</orbitalDistance>
                <orbitalPhi>-1</orbitalPhi>
                <rotationalPeriod>50574</rotationalPeriod>
                <atmosphereDensity>33</atmosphereDensity>
                <biomeIds>17,2</biomeIds>
            </planet>
        </planet>
        <planet name="Uranus" DIMID="26">
            <isKnown>false</isKnown>
            <fogColor>1.0,1.0,1.0</fogColor>
            <skyColor>0.8,0.5622388,0.620012</skyColor>
            <gravitationalMultiplier>112</gravitationalMultiplier>
            <orbitalDistance>1910</orbitalDistance>
            <orbitalPhi>-3</orbitalPhi>
            <rotationalPeriod>17900</rotationalPeriod>
            <atmosphereDensity>100</atmosphereDensity>
            <biomeIds>35,36,75,163,164</biomeIds>
        </planet>
        <planet name="Neptune" DIMID="12">
            <isKnown>false</isKnown>
            <fogColor>1.0,1.0,1.0</fogColor>
            <skyColor>0.8,0.85336864,0.0</skyColor>
            <gravitationalMultiplier>114</gravitationalMultiplier>
            <orbitalDistance>3000</orbitalDistance>
            <orbitalPhi>0</orbitalPhi>
            <rotationalPeriod>16600</rotationalPeriod>
            <atmosphereDensity>200</atmosphereDensity>
            <biomeIds>14, 15</biomeIds>
        </planet>
        <planet name="Pluto" DIMID="15" customIcon="IceWorld">
            <isKnown>false</isKnown>
            <fogColor>1.0,1.0,1.0</fogColor>
            <skyColor>0.0,0.5380826,1.0</skyColor>
            <gravitationalMultiplier>35</gravitationalMultiplier>
            <orbitalDistance>4000</orbitalDistance>
            <orbitalPhi>0</orbitalPhi>
            <rotationalPeriod>73057</rotationalPeriod>
            <atmosphereDensity>13</atmosphereDensity>
            <biomeIds>13, 12, 140</biomeIds>
        </planet>
    </star>
	<star name="Lost Worlds" temp="100" x="50" y="50" size="1.0" numPlanets="0" numGasGiants="0">
	    <planet name="Lost City" DIMID="111" dimMapping="">
            <isKnown>true</isKnown>
            <fogColor>1.0,1.0,1.0</fogColor>
            <skyColor>1.0,1.0,1.0</skyColor>
            <gravitationalMultiplier>100</gravitationalMultiplier>
            <orbitalDistance>90</orbitalDistance>
            <orbitalPhi>0</orbitalPhi>
            <rotationalPeriod>24000</rotationalPeriod>
            <atmosphereDensity>100</atmosphereDensity>
		</planet>
		<planet name="Ancient City" DIMID="112" dimMapping="">
            <isKnown>true</isKnown>
            <fogColor>1.0,1.0,1.0</fogColor>
            <skyColor>1.0,1.0,1.0</skyColor>
            <gravitationalMultiplier>100</gravitationalMultiplier>
            <orbitalDistance>91</orbitalDistance>
            <orbitalPhi>0</orbitalPhi>
            <rotationalPeriod>24000</rotationalPeriod>
            <atmosphereDensity>100</atmosphereDensity>
		</planet>
		<planet name="Atlantis" DIMID="113" dimMapping="">
            <isKnown>true</isKnown>
            <fogColor>1.0,1.0,1.0</fogColor>
            <skyColor>1.0,1.0,1.0</skyColor>
            <gravitationalMultiplier>100</gravitationalMultiplier>
            <orbitalDistance>92</orbitalDistance>
            <orbitalPhi>0</orbitalPhi>
            <rotationalPeriod>24000</rotationalPeriod>
            <atmosphereDensity>100</atmosphereDensity>
		</planet>
		<planet name="Bio Wasteland" DIMID="114" dimMapping="">
            <isKnown>true</isKnown>
            <fogColor>1.0,1.0,1.0</fogColor>
            <skyColor>1.0,1.0,1.0</skyColor>
            <gravitationalMultiplier>100</gravitationalMultiplier>
            <orbitalDistance>93</orbitalDistance>
            <orbitalPhi>0</orbitalPhi>
            <rotationalPeriod>24000</rotationalPeriod>
            <atmosphereDensity>100</atmosphereDensity>
		</planet>
		<planet name="Biosphere" DIMID="115" dimMapping="">
            <isKnown>true</isKnown>
            <fogColor>1.0,1.0,1.0</fogColor>
            <skyColor>1.0,1.0,1.0</skyColor>
            <gravitationalMultiplier>100</gravitationalMultiplier>
            <orbitalDistance>94</orbitalDistance>
            <orbitalPhi>0</orbitalPhi>
            <rotationalPeriod>24000</rotationalPeriod>
            <atmosphereDensity>100</atmosphereDensity>
		</planet>
		<planet name="Chisel" DIMID="117" dimMapping="">
            <isKnown>true</isKnown>
            <fogColor>1.0,1.0,1.0</fogColor>
            <skyColor>1.0,1.0,1.0</skyColor>
            <gravitationalMultiplier>100</gravitationalMultiplier>
            <orbitalDistance>96</orbitalDistance>
            <orbitalPhi>0</orbitalPhi>
            <rotationalPeriod>24000</rotationalPeriod>
            <atmosphereDensity>100</atmosphereDensity>
		</planet>
		<planet name="Realistic" DIMID="119" dimMapping="">
            <isKnown>true</isKnown>
            <fogColor>1.0,1.0,1.0</fogColor>
            <skyColor>1.0,1.0,1.0</skyColor>
            <gravitationalMultiplier>100</gravitationalMultiplier>
            <orbitalDistance>98</orbitalDistance>
            <orbitalPhi>0</orbitalPhi>
            <rotationalPeriod>24000</rotationalPeriod>
            <atmosphereDensity>100</atmosphereDensity>
		</planet>
		<planet name="Tall Buildings" DIMID="121" dimMapping="">
            <isKnown>true</isKnown>
            <fogColor>1.0,1.0,1.0</fogColor>
            <skyColor>1.0,1.0,1.0</skyColor>
            <gravitationalMultiplier>100</gravitationalMultiplier>
            <orbitalDistance>100</orbitalDistance>
            <orbitalPhi>0</orbitalPhi>
            <rotationalPeriod>24000</rotationalPeriod>
            <atmosphereDensity>100</atmosphereDensity>
		</planet>
		<planet name="Wastelands" DIMID="122" dimMapping="">
            <isKnown>true</isKnown>
            <fogColor>1.0,1.0,1.0</fogColor>
            <skyColor>1.0,1.0,1.0</skyColor>
            <gravitationalMultiplier>100</gravitationalMultiplier>
            <orbitalDistance>101</orbitalDistance>
            <orbitalPhi>0</orbitalPhi>
            <rotationalPeriod>24000</rotationalPeriod>
            <atmosphereDensity>100</atmosphereDensity>
		</planet>
		<planet name="Empty Water" DIMID="123" dimMapping="">
            <isKnown>true</isKnown>
            <fogColor>1.0,1.0,1.0</fogColor>
            <skyColor>1.0,1.0,1.0</skyColor>
            <gravitationalMultiplier>100</gravitationalMultiplier>
            <orbitalDistance>102</orbitalDistance>
            <orbitalPhi>0</orbitalPhi>
            <rotationalPeriod>24000</rotationalPeriod>
            <atmosphereDensity>100</atmosphereDensity>
		</planet>
		<planet name="Water Bubbles" DIMID="124" dimMapping="">
            <isKnown>true</isKnown>
            <fogColor>1.0,1.0,1.0</fogColor>
            <skyColor>1.0,1.0,1.0</skyColor>
            <gravitationalMultiplier>100</gravitationalMultiplier>
            <orbitalDistance>103</orbitalDistance>
            <orbitalPhi>0</orbitalPhi>
            <rotationalPeriod>24000</rotationalPeriod>
            <atmosphereDensity>100</atmosphereDensity>
		</planet>
	</star>
    <star name="Alpha Centauria" temp="180" x="300" y="-200" size="1.0" numPlanets="0" numGasGiants="0">
        <planet name="Omnicron" DIMID="32">
            <isKnown>false</isKnown>
            <fogColor>0xa07575</fogColor>
            <skyColor>0x6d3939</skyColor>
            <gravitationalMultiplier>190</gravitationalMultiplier>
            <orbitalDistance>15</orbitalDistance>
            <orbitalPhi>2</orbitalPhi>
            <rotationalPeriod>25499</rotationalPeriod>
            <atmosphereDensity>120</atmosphereDensity>
            <biomeIds>8, 106, 108, 110</biomeIds>
			<oceanBlock>Minecraft:lava</oceanBlock>
			<fillerBlock>minecraft:netherrack</fillerBlock>
        </planet>
        <planet name="Aquarius" DIMID="33">
            <isKnown>false</isKnown>
            <fogColor>0xa1bbdd</fogColor>
            <skyColor>0x729fd8</skyColor>
            <gravitationalMultiplier>90</gravitationalMultiplier>
            <orbitalDistance>135</orbitalDistance>
            <orbitalPhi>-1</orbitalPhi>
            <rotationalPeriod>22000</rotationalPeriod>
            <atmosphereDensity>109</atmosphereDensity>
            <biomeIds>0, 123, 24</biomeIds>
			<seaLevel>155</seaLevel>
			<planet name="Aqua Minor" DIMID="34">
				<isKnown>false</isKnown>
				<fogColor>0xa1bbdd</fogColor>
				<skyColor>0x729fd8</skyColor>
				<gravitationalMultiplier>90</gravitationalMultiplier>
				<orbitalDistance>135</orbitalDistance>
				<orbitalPhi>19</orbitalPhi>
				<rotationalPeriod>22000</rotationalPeriod>
				<atmosphereDensity>109</atmosphereDensity>
				<hasRings>true</hasRings>
				<GasGiant>true</GasGiant>
			</planet>
			<planet name="Aqua Major" DIMID="35">
				<isKnown>false</isKnown>
				<fogColor>0x789e2d</fogColor>
				<skyColor>0x789e2d</skyColor>
				<gravitationalMultiplier>90</gravitationalMultiplier>
				<orbitalDistance>88</orbitalDistance>
				<orbitalPhi>-5</orbitalPhi>
				<rotationalPeriod>22000</rotationalPeriod>
				<atmosphereDensity>109</atmosphereDensity>
				<hasRings>true</hasRings>
				<GasGiant>true</GasGiant>
			</planet>
        </planet>
        <planet name="Kaprulu" DIMID="36">
            <isKnown>false</isKnown>
            <fogColor>1.0,1.0,1.0</fogColor>
            <skyColor>0.0,0.7874744,1.0</skyColor>
            <gravitationalMultiplier>77</gravitationalMultiplier>
            <orbitalDistance>70</orbitalDistance>
            <orbitalPhi>1</orbitalPhi>
            <rotationalPeriod>281743</rotationalPeriod>
            <atmosphereDensity>100</atmosphereDensity>
            <biomeIds>2, 17, 37, 38, 39, 130</biomeIds>
			<seaLevel>30</seaLevel>
			<fillerBlock>minecraft:sandstone</fillerBlock>
        </planet>
		<planet name="Infractus" DIMID="37">
            <isKnown>false</isKnown>
            <fogColor>1.0,1.0,1.0</fogColor>
            <skyColor>1.0,1.0,1.0</skyColor>
            <gravitationalMultiplier>190</gravitationalMultiplier>
            <orbitalDistance>115</orbitalDistance>
            <orbitalPhi>1</orbitalPhi>
            <rotationalPeriod>50000</rotationalPeriod>
            <atmosphereDensity>100</atmosphereDensity>
            <biomeIds>113</biomeIds>
        </planet>
		<planet name="Piscina" DIMID="38">
            <isKnown>false</isKnown>
            <fogColor>1.0,1.0,1.0</fogColor>
            <skyColor>1.0,1.0,1.0</skyColor>
            <gravitationalMultiplier>120</gravitationalMultiplier>
            <orbitalDistance>110</orbitalDistance>
            <orbitalPhi>1</orbitalPhi>
            <rotationalPeriod>36000</rotationalPeriod>
            <atmosphereDensity>100</atmosphereDensity>
            <biomeIds>120</biomeIds>
        </planet>
		<planet name="Oberon" DIMID="39">
            <isKnown>false</isKnown>
            <fogColor>1.0,1.0,1.0</fogColor>
            <skyColor>1.0,1.0,1.0</skyColor>
            <gravitationalMultiplier>92</gravitationalMultiplier>
            <orbitalDistance>90</orbitalDistance>
            <orbitalPhi>1</orbitalPhi>
            <rotationalPeriod>36000</rotationalPeriod>
            <atmosphereDensity>100</atmosphereDensity>
            <biomeIds>112</biomeIds>
        </planet>
    </star>
</galaxy>