{
  "dependencies": "actuallyadditions",
  "populate": {
    "black_quartz_ore": {
      "distribution": "uniform",
      "generator": {
        "block": [
          {"name": "actuallyadditions:block_misc", "metadata": 3, "weight": 100}
        ],
        "material": "minecraft:stone",
        "cluster-size": 8
      },
      "min-height": 0,
      "max-height": 48,
      "cluster-count": 8,
      "retrogen": "false",
      "biome": "all",
      "dimension": {
        "restriction": "blacklist",
        "value": [
          -1,
          1
        ]
      }
    }
  }
}