{
  "dependencies": "nuclearcraft",
  "populate": {
    "thorium_ore": {
      "distribution": "uniform",
      "generator": {
        "block": [
          {"name": "nuclearcraft:ore", "metadata": 3, "weight": 0}
        ],
        "material": "minecraft:stone",
        "cluster-size": 8
      },
      "cluster-count": 6,
      "min-height": 0,
      "max-height": 32,
      "retrogen": "true",
      "biome": "all",
      "dimension": {
        "restriction": "blacklist",
        "value": [
          -1,
          1
        ]
      }
    },
    "boron_ore": {
      "distribution": "uniform",
      "generator": {
        "block": [
          {"name": "nuclearcraft:ore", "metadata": 5, "weight": 0}
        ],
        "material": "minecraft:stone",
        "cluster-size": 7
      },
      "cluster-count": 8,
      "min-height": 0,
      "max-height": 28,
      "retrogen": "true",
      "biome": "all",
      "dimension": {
        "restriction": "blacklist",
        "value": [
          -1,
          1
        ]
      }
    },
    "lithium_ore": {
      "distribution": "uniform",
      "generator": {
        "block": [
          {"name": "nuclearcraft:ore", "metadata": 6, "weight": 0}
        ],
        "material": "minecraft:stone",
        "cluster-size": 8
      },
      "cluster-count": 6,
      "min-height": 0,
      "max-height": 28,
      "retrogen": "true",
      "biome": "all",
      "dimension": {
        "restriction": "blacklist",
        "value": [
          -1,
          1
        ]
      }
    },
    "magnesium_ore": {
      "distribution": "uniform",
      "generator": {
        "block": [
          {"name": "nuclearcraft:ore", "metadata": 7, "weight": 0}
        ],
        "material": "minecraft:stone",
        "cluster-size": 7
      },
      "cluster-count": 5,
      "min-height": 0,
      "max-height": 24,
      "retrogen": "true",
      "biome": "all",
      "dimension": {
        "restriction": "blacklist",
        "value": [
          -1,
          1
        ]
      }
    }
  }
}